{"cameraMode":{"drawMode":0,"name":"Shaded","section":"Shading Mode"},"sceneLighting":true,"audioPlay":false,"sceneViewState":{"showFog":true,"showMaterialUpdate":false,"showSkybox":true,"showFlares":true,"showImageEffects":true,"showParticleSystems":true},"in2DMode":false,"pivot":{"x":0.5503134727478027,"y":-3.097378730773926,"z":6.667089462280273},"rotation":{"x":-0.3926568925380707,"y":-0.033927071839571,"z":0.014496715739369393,"w":-0.9189448356628418},"size":16.424198150634767,"orthographic":false}