{"cameraMode":{"drawMode":0,"name":"Shaded","section":"Shading Mode"},"sceneLighting":false,"audioPlay":false,"sceneViewState":{"showFog":true,"showMaterialUpdate":false,"showSkybox":false,"showFlares":true,"showImageEffects":true,"showParticleSystems":true},"in2DMode":false,"pivot":{"x":0.12340590357780457,"y":1.749638319015503,"z":0.9087997674942017},"rotation":{"x":0.276699960231781,"y":0.15907445549964906,"z":-0.046500880271196368,"w":0.946557879447937},"size":8.26375961303711,"orthographic":false}